nhom,ten,gia_tri,ky_vong,dung_sai,kieu,dat,ghi_chu
A dau vao,"mh_luoi bao loi khi (T-t0)/h khong nguyen",1,1,0,dung,1,
A dau vao,"mh_rk4 bao loi khi f tra sai kich thuoc",1,1,0,dung,1,
A dau vao,"mh_rk4 bao loi khi nghiem khong huu han",1,1,0,dung,1,
A dau vao,"mh_euler bao loi khi y0 khong huu han",1,1,0,dung,1,
A dau vao,"mh_euler bao loi khi f tra VECTO HANG (khong de mo rong ngam thanh ma tran)",1,1,0,dung,1,
A dau vao,"mh_rk4 bao loi khi y0 la MA TRAN (khong am tham lam phang)",1,1,0,dung,1,
A dau vao,"mh_euler bao loi khi f sinh so PHUC",1,1,0,dung,1,
A dau vao,"mh_luoi bao loi khi h phuc hoac Inf",1,1,0,dung,1,
A dau vao,"mh_sir_giai bao loi khi S0 + I0 + R_bd khac N",1,1,0,dung,1,
A dau vao,"mh_sir_giai chap nhan R_bd dung tong (995 + 5 + 0 = N)",1,1,0,dung,1,
A dau vao,"mh_jordan2 bao loi khi v1 = 0 (vecto rieng luon khac 0)",1,1,0,dung,1,
A dau vao,"mh_jordan2 bao loi khi lam co du vecto rieng (A = 2I)",1,1,0,dung,1,
A dau vao,"mh_nghiem_phuc bao loi voi ma tran phuc",1,1,0,dung,1,
B phan du,"phan du nghiem logistic tuong minh",1.23860852621408e-08,0,1e-06,tuyet_doi,1,
B phan du,"tri rieng phuc: phan du u1",4.53570514480361e-11,0,1e-07,tuyet_doi,1,
B phan du,"tri rieng phuc: phan du u2",4.11479739170773e-11,0,1e-07,tuyet_doi,1,
B phan du,"chuoi Jordan: phan du e^{2t}(t v1 + v2)",3.3708591473669e-10,0,1e-06,tuyet_doi,1,
B phan du,"expm so voi ode45 (he tuyen tinh, t = 1)",2.49933407303615e-12,0,1e-08,tuyet_doi,1,
C bac hoi tu,"bac thuc nghiem mh_euler (h = 0.25 -> 0.125)",1.05569227101324,1,0.15,tuyet_doi,1,
C bac hoi tu,"bac thuc nghiem mh_heun (h = 0.25 -> 0.125)",1.95432196532929,2,0.15,tuyet_doi,1,
C bac hoi tu,"bac thuc nghiem mh_diem_giua (h = 0.25 -> 0.125)",1.94154794032109,2,0.15,tuyet_doi,1,
C bac hoi tu,"bac thuc nghiem mh_rk4 (h = 0.25 -> 0.125)",3.93927817136642,4,0.15,tuyet_doi,1,
D SIR,"Euler h=0.5 bao toan S+I+R",2.27373675443232e-13,0,1e-09,tuyet_doi,1,
D SIR,"RK4 h=0.5 bao toan S+I+R",2.27373675443232e-13,0,1e-09,tuyet_doi,1,
D SIR,"RK4 h=0.5 khong am (min S, I > 0)",1,1,0,dung,1,
D SIR,"Euler h=3 tren [0,30]: phat hien S am (khong cat ve 0)",1,1,0,dung,1,
D SIR,"I_max giai tich",212.250379499062,212.2503795,1e-06,tuong_doi,1,
D SIR,"dinh ode45 trung I_max giai tich",212.250379512902,212.250379499062,1e-06,tuong_doi,1,
D SIR,"S_inf (fzero)",129.080549779776,129.0805498,1e-08,tuong_doi,1,
D SIR,"S(80) cua ode45 trung S_inf",129.08054977986,129.080549779776,1e-05,tuong_doi,1,
D SIR,"R0*S0/N <= 1 => khong co dinh noi tai",1,1,0,dung,1,
D SIR,"I0 = 0 => S_inf = S0",995,995,0,tuyet_doi,1,
E bat bien,"Euler: E_n = (1 + h^2 w^2)^n E_0 (h = 0.1, n = 100)",101.009896368539,101.009896368539,1e-10,tuong_doi,1,
E bat bien,"RK4: troi nang luong giam ~ h^5 (ti so khi chia doi h)",31.878498148565,32,0.2,tuong_doi,1,
E bat bien,"Lotka-Volterra: RK4 giu bat bien V (h = 0.05, T = 20)",6.45534625753896e-09,0,1e-05,tuyet_doi,1,
E bat bien,"Lotka-Volterra: Euler lam lech V dang ke",1,1,0,dung,1,
F do nhay,"I_max tang theo beta (1.3 < 1.407 < 1.5)",1,1,0,dung,1,
F do nhay,"S_inf giam theo beta",1,1,0,dung,1,
F do nhay,"beta lien tuc (fzero + ode45)",1.19815655364796,1.19815655,1e-07,tuong_doi,1,
G khop du lieu,"hoi quy ln(P/(665-P)): he so goc r",0.530674662721953,0.530674663,1e-08,tuong_doi,1,
G khop du lieu,"NLS (fminsearch): K",663.021990134332,663.022,0.0005,tuong_doi,1,
H khai thac,"H = rK/4, P0 = 400: tuyet chung tai t = 16",15.9999999997131,16,1e-06,tuyet_doi,1,
H khai thac,"H > rK/4: tuyet chung tai t = 18.60888",18.6088797538044,18.6088797528,1e-07,tuong_doi,1,
H khai thac,"H < rK/4, P0 > P_-: tien ve P_+ (khong tuyet chung)",1,1,0,dung,1,
I phuong phap an,"Euler an: y_15 = (1/4)^15/3",3.10440858205159e-10,3.10440858205159e-10,1e-12,tuong_doi,1,
I phuong phap an,"Hinh thang an: y_15 = (-0.2)^15/3",-1.09226666666667e-11,-1.09226666666667e-11,1e-12,tuong_doi,1,
K bai toan cung,"ode15s it buoc hon ode45, ca hai sai so < 1e-5",1,1,0,dung,1,
J MATLAB-Python,"logistic_euler_P10_h025",498.999701509216,498.999701509216,1e-09,tuong_doi,1,
J MATLAB-Python,"logistic_heun_P10_h025",518.864083055418,518.864083055418,1e-09,tuong_doi,1,
J MATLAB-Python,"logistic_diem_giua_P10_h025",519.261007395702,519.261007395702,1e-09,tuong_doi,1,
J MATLAB-Python,"logistic_rk4_P10_h025",519.933743649102,519.933743649102,1e-09,tuong_doi,1,
J MATLAB-Python,"logistic_chinh_xac_P10",519.934486918972,519.934486918972,1e-12,tuong_doi,1,
J MATLAB-Python,"sir_rk4_S24_h05",129.258610749416,129.258610749416,1e-09,tuong_doi,1,
J MATLAB-Python,"sir_rk4_maxI_h05",211.822770362222,211.822770362222,1e-09,tuong_doi,1,
J MATLAB-Python,"sir_euler_maxI_h1",250.604388498249,250.604388498249,1e-09,tuong_doi,1,
J MATLAB-Python,"sir_euler_minI_h2_T30",-12.1139642323578,-12.1139642323578,1e-09,tuong_doi,1,
J MATLAB-Python,"sir_Imax_giai_tich",212.250379499062,212.250379499062,1e-12,tuong_doi,1,
J MATLAB-Python,"sir_S_inf",129.080549779776,129.080549779799,1e-09,tuong_doi,1,
J MATLAB-Python,"sir_t_dinh_ode",6.84846994224004,6.84846994416216,1e-06,tuong_doi,1,
J MATLAB-Python,"sir_beta_lien_tuc",1.19815655364796,1.19815655365035,1e-07,tuong_doi,1,
J MATLAB-Python,"sir_beta_euler",1.4070351758794,1.4070351758794,1e-12,tuong_doi,1,
J MATLAB-Python,"seir_Imax",131.012051504101,131.012051505008,1e-05,tuong_doi,1,
J MATLAB-Python,"he_rk4_x1",1.32006666666667,1.32006666666667,1e-12,tuong_doi,1,
J MATLAB-Python,"he_rk4_y1",-0.250666666666667,-0.250666666666667,1e-12,tuong_doi,1,
J MATLAB-Python,"he_expm_x",1.32042477673425,1.32042477673425,1e-12,tuong_doi,1,
J MATLAB-Python,"he_expm_y",-0.250847011828132,-0.250847011828132,1e-12,tuong_doi,1,
J MATLAB-Python,"hsbd_b1",-2.75,-2.75,1e-12,tuong_doi,1,
J MATLAB-Python,"hsbd_b2",2.875,2.875,1e-12,tuong_doi,1,
J MATLAB-Python,"nam_men_hoi_quy_r",0.530674662721953,0.530674662721953,1e-10,tuong_doi,1,
J MATLAB-Python,"nam_men_nls_r",0.546994728923701,0.546994727667486,0.0005,tuong_doi,1,
J MATLAB-Python,"nam_men_nls_K",663.021990134332,663.021990653787,0.0005,tuong_doi,1,
J MATLAB-Python,"khai_thac_t_tuyet_chung",18.6088797538044,18.6088797527391,1e-07,tuong_doi,1,
J MATLAB-Python,"dao_dong_euler_E10",101.009896368539,101.009896368539,1e-09,tuong_doi,1,
J MATLAB-Python,"dao_dong_rk4_E10",1.99982311885508,1.99982311885508,1e-09,tuong_doi,1,
J MATLAB-Python,"lotka_rk4_V20",0.460279222704736,0.460279222704736,1e-09,tuong_doi,1,
J MATLAB-Python,"thuoc_R_gioi_han",0.431012760693333,0.431012760693333,1e-12,tuong_doi,1,
J MATLAB-Python,"thuoc_T_chu_ky",8.0471895621705,8.0471895621705,1e-12,tuong_doi,1,
J MATLAB-Python,"phanh_quang_duong",40,40,1e-12,tuong_doi,1,
